Year,FAO,FAO_Name,Catch (tonnes/year)
1950,18,Arctic Sea,0.0011558
1950,21,Northwest Atlantic,8760.812302
1950,27,Northeast Atlantic,849.5835566
1950,31,Western Central Atlantic,74.03007167
1950,34,Eastern Central Atlantic,74.04099445
1950,41,Southwest Atlantic,2212.972643
1950,47,Southeast Atlantic,171.3950377
1950,51,Western Indian Ocean,324.9055787
1950,57,Eastern Indian Ocean,0.004291748
1950,61,Northwest Pacific,1296.948717
1950,67,Northeast Pacific,55.87900039
1950,71,Western Central Pacific,3414.585989
1950,77,Eastern Central Pacific,52.44980709
1950,81,Southwest Pacific,7.002112068
1950,87,Southeast Pacific,340.2531456
1951,18,Arctic Sea,0.002308935
1951,21,Northwest Atlantic,17707.70411
1951,27,Northeast Atlantic,1431.2363
1951,31,Western Central Atlantic,137.0233532
1951,34,Eastern Central Atlantic,76.85437481
1951,41,Southwest Atlantic,2039.445423
1951,47,Southeast Atlantic,480.1178546
1951,51,Western Indian Ocean,574.516599
1951,57,Eastern Indian Ocean,0.028451805
1951,61,Northwest Pacific,3261.197205
1951,67,Northeast Pacific,113.1156697
1951,71,Western Central Pacific,8000.433673
1951,77,Eastern Central Pacific,97.23755528
1951,81,Southwest Pacific,28.09204479
1951,87,Southeast Pacific,510.4685754
1952,18,Arctic Sea,0.004607246
1952,21,Northwest Atlantic,31286.98489
1952,27,Northeast Atlantic,1646.090337
1952,31,Western Central Atlantic,238.4442392
1952,34,Eastern Central Atlantic,96.86012622
1952,41,Southwest Atlantic,2585.788663
1952,47,Southeast Atlantic,871.9444856
1952,51,Western Indian Ocean,1019.024283
1952,57,Eastern Indian Ocean,3.819247929
1952,61,Northwest Pacific,7243.668483
1952,67,Northeast Pacific,186.1880279
1952,71,Western Central Pacific,14502.01834
1952,77,Eastern Central Pacific,194.4707051
1952,81,Southwest Pacific,61.89767042
1952,87,Southeast Pacific,1506.42638
1953,18,Arctic Sea,0.009172287
1953,21,Northwest Atlantic,40468.02767
1953,27,Northeast Atlantic,2735.243415
1953,31,Western Central Atlantic,384.7383497
1953,34,Eastern Central Atlantic,161.9136129
1953,41,Southwest Atlantic,1943.38929
1953,47,Southeast Atlantic,1712.643941
1953,51,Western Indian Ocean,1596.010861
1953,57,Eastern Indian Ocean,7.171441118
1953,61,Northwest Pacific,11569.82128
1953,67,Northeast Pacific,250.0433676
1953,71,Western Central Pacific,27369.9064
1953,77,Eastern Central Pacific,313.1134854
1953,81,Southwest Pacific,126.7388465
1953,87,Southeast Pacific,2649.285997
1954,18,Arctic Sea,0.018178056
1954,21,Northwest Atlantic,65142.43551
1954,27,Northeast Atlantic,5433.742932
1954,31,Western Central Atlantic,554.8459283
1954,34,Eastern Central Atlantic,248.9481405
1954,41,Southwest Atlantic,3033.357593
1954,47,Southeast Atlantic,2874.018314
1954,51,Western Indian Ocean,2349.112737
1954,57,Eastern Indian Ocean,12.82978576
1954,61,Northwest Pacific,20549.04549
1954,67,Northeast Pacific,336.7815901
1954,71,Western Central Pacific,62679.72119
1954,77,Eastern Central Pacific,478.1175802
1954,81,Southwest Pacific,181.458422
1954,87,Southeast Pacific,4886.040868
1955,18,Arctic Sea,0.022619907
1955,21,Northwest Atlantic,79794.68866
1955,27,Northeast Atlantic,6213.941184
1955,31,Western Central Atlantic,671.1161319
1955,34,Eastern Central Atlantic,352.38339
1955,41,Southwest Atlantic,3638.938267
1955,47,Southeast Atlantic,4346.97397
1955,51,Western Indian Ocean,2763.678778
1955,57,Eastern Indian Ocean,37.21125498
1955,61,Northwest Pacific,21318.17248
1955,67,Northeast Pacific,315.0612369
1955,71,Western Central Pacific,77717.76357
1955,77,Eastern Central Pacific,707.3864498
1955,81,Southwest Pacific,223.294895
1955,87,Southeast Pacific,9042.80889
1956,18,Arctic Sea,0.022619907
1956,21,Northwest Atlantic,79244.95997
1956,27,Northeast Atlantic,2767.887241
1956,31,Western Central Atlantic,615.4925411
1956,34,Eastern Central Atlantic,251.1573746
1956,41,Southwest Atlantic,4515.086048
1956,47,Southeast Atlantic,4641.040474
1956,51,Western Indian Ocean,2897.478292
1956,57,Eastern Indian Ocean,37.14934301
1956,61,Northwest Pacific,29025.11124
1956,67,Northeast Pacific,332.2718307
1956,71,Western Central Pacific,63016.89861
1956,77,Eastern Central Pacific,812.020659
1956,81,Southwest Pacific,201.8713252
1956,87,Southeast Pacific,8028.783541
1957,18,Arctic Sea,0.022619907
1957,21,Northwest Atlantic,80423.35661
1957,27,Northeast Atlantic,2683.208207
1957,31,Western Central Atlantic,318.2640777
1957,34,Eastern Central Atlantic,355.8033579
1957,41,Southwest Atlantic,3785.755424
1957,47,Southeast Atlantic,4725.757607
1957,51,Western Indian Ocean,2932.472515
1957,57,Eastern Indian Ocean,32.07076638
1957,61,Northwest Pacific,21862.46743
1957,67,Northeast Pacific,515.4722474
1957,71,Western Central Pacific,73413.04975
1957,77,Eastern Central Pacific,750.6819873
1957,81,Southwest Pacific,217.8606573
1957,87,Southeast Pacific,8217.172604
1958,18,Arctic Sea,0.022616211
1958,21,Northwest Atlantic,86420.70976
1958,27,Northeast Atlantic,2748.910421
1958,31,Western Central Atlantic,318.2933796
1958,34,Eastern Central Atlantic,771.0188862
1958,41,Southwest Atlantic,4165.193554
1958,47,Southeast Atlantic,5176.473194
1958,51,Western Indian Ocean,2960.163568
1958,57,Eastern Indian Ocean,31.91622693
1958,61,Northwest Pacific,26854.388
1958,67,Northeast Pacific,771.0257373
1958,71,Western Central Pacific,4910.661033
1958,77,Eastern Central Pacific,855.1315447
1958,81,Southwest Pacific,261.3908246
1958,87,Southeast Pacific,7539.205177
1959,18,Arctic Sea,0.030151252
1959,21,Northwest Atlantic,93876.57711
1959,27,Northeast Atlantic,3741.983035
1959,31,Western Central Atlantic,676.0467821
1959,34,Eastern Central Atlantic,1030.393787
1959,41,Southwest Atlantic,4098.584717
1959,47,Southeast Atlantic,5029.440596
1959,51,Western Indian Ocean,2688.496626
1959,57,Eastern Indian Ocean,1.403816768
1959,61,Northwest Pacific,25443.90948
1959,67,Northeast Pacific,1219.754012
1959,71,Western Central Pacific,5211.993111
1959,77,Eastern Central Pacific,928.849736
1959,81,Southwest Pacific,126.0408045
1959,87,Southeast Pacific,7270.538802
1960,18,Arctic Sea,0.01508117
1960,21,Northwest Atlantic,88644.21101
1960,27,Northeast Atlantic,3026.951718
1960,31,Western Central Atlantic,688.019533
1960,34,Eastern Central Atlantic,1466.516229
1960,41,Southwest Atlantic,4778.180754
1960,47,Southeast Atlantic,5989.065521
1960,51,Western Indian Ocean,2554.487609
1960,57,Eastern Indian Ocean,10.5865609
1960,61,Northwest Pacific,24069.17422
1960,67,Northeast Pacific,841.7295921
1960,71,Western Central Pacific,4964.655939
1960,77,Eastern Central Pacific,882.1120296
1960,81,Southwest Pacific,112.0310608
1960,87,Southeast Pacific,8491.172266
1961,18,Arctic Sea,0.022616211
1961,21,Northwest Atlantic,83014.26004
1961,27,Northeast Atlantic,2725.380456
1961,31,Western Central Atlantic,758.2848277
1961,34,Eastern Central Atlantic,1694.630638
1961,41,Southwest Atlantic,4251.344849
1961,47,Southeast Atlantic,6463.075402
1961,51,Western Indian Ocean,3238.210114
1961,57,Eastern Indian Ocean,26.39269279
1961,61,Northwest Pacific,29065.21014
1961,67,Northeast Pacific,1173.534055
1961,71,Western Central Pacific,5134.464184
1961,77,Eastern Central Pacific,891.2518846
1961,81,Southwest Pacific,187.6844879
1961,87,Southeast Pacific,8012.707469
1962,18,Arctic Sea,0.022616211
1962,21,Northwest Atlantic,63137.08882
1962,27,Northeast Atlantic,6395.114778
1962,31,Western Central Atlantic,394.3220741
1962,34,Eastern Central Atlantic,1604.985565
1962,41,Southwest Atlantic,5016.117478
1962,47,Southeast Atlantic,6314.902275
1962,51,Western Indian Ocean,3293.989266
1962,57,Eastern Indian Ocean,46.48408981
1962,61,Northwest Pacific,30804.69492
1962,67,Northeast Pacific,1319.405573
1962,71,Western Central Pacific,7995.393679
1962,77,Eastern Central Pacific,773.1262055
1962,81,Southwest Pacific,185.9914967
1962,87,Southeast Pacific,10097.80534
1963,18,Arctic Sea,0.02831895
1963,21,Northwest Atlantic,23765.15385
1963,27,Northeast Atlantic,4267.878227
1963,31,Western Central Atlantic,337.7133869
1963,34,Eastern Central Atlantic,5304.344241
1963,41,Southwest Atlantic,5660.398466
1963,47,Southeast Atlantic,7082.973807
1963,51,Western Indian Ocean,3218.979005
1963,57,Eastern Indian Ocean,78.91881928
1963,61,Northwest Pacific,30601.6307
1963,67,Northeast Pacific,1204.047578
1963,71,Western Central Pacific,3546.679229
1963,77,Eastern Central Pacific,1060.810821
1963,81,Southwest Pacific,205.2234702
1963,87,Southeast Pacific,10835.46024
1964,18,Arctic Sea,0.022616211
1964,21,Northwest Atlantic,35790.03482
1964,27,Northeast Atlantic,6367.133066
1964,31,Western Central Atlantic,553.0953156
1964,34,Eastern Central Atlantic,4972.344733
1964,41,Southwest Atlantic,6624.057859
1964,47,Southeast Atlantic,10147.76007
1964,51,Western Indian Ocean,1062.423347
1964,57,Eastern Indian Ocean,129.7719902
1964,61,Northwest Pacific,37059.81697
1964,67,Northeast Pacific,1455.507539
1964,71,Western Central Pacific,4857.682875
1964,77,Eastern Central Pacific,733.6866928
1964,81,Southwest Pacific,146.716876
1964,87,Southeast Pacific,8745.204828
1965,18,Arctic Sea,0.022616211
1965,21,Northwest Atlantic,54387.51142
1965,27,Northeast Atlantic,5116.620829
1965,31,Western Central Atlantic,541.0660062
1965,34,Eastern Central Atlantic,9175.874336
1965,41,Southwest Atlantic,5334.49618
1965,47,Southeast Atlantic,19485.98648
1965,51,Western Indian Ocean,1671.184101
1965,57,Eastern Indian Ocean,228.9518795
1965,61,Northwest Pacific,31299.34179
1965,67,Northeast Pacific,1513.507244
1965,71,Western Central Pacific,5561.502374
1965,77,Eastern Central Pacific,757.6740625
1965,81,Southwest Pacific,162.1263677
1965,87,Southeast Pacific,9979.252724
1966,18,Arctic Sea,0.022616211
1966,21,Northwest Atlantic,58864.03963
1966,27,Northeast Atlantic,8285.740793
1966,31,Western Central Atlantic,562.025156
1966,34,Eastern Central Atlantic,10075.68295
1966,41,Southwest Atlantic,8007.093002
1966,47,Southeast Atlantic,27736.07382
1966,51,Western Indian Ocean,1787.017757
1966,57,Eastern Indian Ocean,170.22704
1966,61,Northwest Pacific,29587.31527
1966,67,Northeast Pacific,2077.965477
1966,71,Western Central Pacific,7690.881994
1966,77,Eastern Central Pacific,674.2809593
1966,81,Southwest Pacific,151.3297062
1966,87,Southeast Pacific,9755.32245
1967,18,Arctic Sea,0.022616211
1967,21,Northwest Atlantic,60483.62506
1967,27,Northeast Atlantic,6141.795319
1967,31,Western Central Atlantic,636.3804495
1967,34,Eastern Central Atlantic,8243.981622
1967,41,Southwest Atlantic,55517.31788
1967,47,Southeast Atlantic,29454.27075
1967,51,Western Indian Ocean,2120.954091
1967,57,Eastern Indian Ocean,170.9686583
1967,61,Northwest Pacific,26730.24366
1967,67,Northeast Pacific,3507.524174
1967,71,Western Central Pacific,9200.442573
1967,77,Eastern Central Pacific,679.9371221
1967,81,Southwest Pacific,168.4454722
1967,87,Southeast Pacific,8176.46809
1968,18,Arctic Sea,0.022616211
1968,21,Northwest Atlantic,52826.5261
1968,27,Northeast Atlantic,6290.626079
1968,31,Western Central Atlantic,435.0122516
1968,34,Eastern Central Atlantic,10853.29016
1968,41,Southwest Atlantic,28697.20334
1968,47,Southeast Atlantic,40928.88082
1968,51,Western Indian Ocean,3175.705553
1968,57,Eastern Indian Ocean,583.1050606
1968,61,Northwest Pacific,27764.8738
1968,67,Northeast Pacific,4097.57748
1968,71,Western Central Pacific,13257.65781
1968,77,Eastern Central Pacific,804.6954362
1968,81,Southwest Pacific,155.0455581
1968,87,Southeast Pacific,12414.03423
1969,18,Arctic Sea,0.022616211
1969,21,Northwest Atlantic,49095.05561
1969,27,Northeast Atlantic,6326.905698
1969,31,Western Central Atlantic,408.2948797
1969,34,Eastern Central Atlantic,11431.72315
1969,41,Southwest Atlantic,1780.877337
1969,47,Southeast Atlantic,36442.67123
1969,51,Western Indian Ocean,2272.724531
1969,57,Eastern Indian Ocean,225.683987
1969,61,Northwest Pacific,26145.19847
1969,67,Northeast Pacific,4965.345456
1969,71,Western Central Pacific,10682.83946
1969,77,Eastern Central Pacific,807.4210587
1969,81,Southwest Pacific,302.6889366
1969,87,Southeast Pacific,8054.59825
1970,18,Arctic Sea,0.022616211
1970,21,Northwest Atlantic,53693.35499
1970,27,Northeast Atlantic,6728.904505
1970,31,Western Central Atlantic,344.3381755
1970,34,Eastern Central Atlantic,3090.638148
1970,41,Southwest Atlantic,6043.52677
1970,47,Southeast Atlantic,47750.91213
1970,51,Western Indian Ocean,8614.793921
1970,57,Eastern Indian Ocean,1357.510119
1970,61,Northwest Pacific,49727.57153
1970,67,Northeast Pacific,6645.393464
1970,71,Western Central Pacific,17377.98039
1970,77,Eastern Central Pacific,803.7506811
1970,81,Southwest Pacific,227.223833
1970,87,Southeast Pacific,8741.531768
1971,18,Arctic Sea,0.015070082
1971,21,Northwest Atlantic,60720.69282
1971,27,Northeast Atlantic,8412.316185
1971,31,Western Central Atlantic,379.248055
1971,34,Eastern Central Atlantic,2807.233243
1971,41,Southwest Atlantic,10178.97682
1971,47,Southeast Atlantic,47400.48926
1971,48,Atlantic (Antarctic),7610.75615
1971,51,Western Indian Ocean,14663.6996
1971,57,Eastern Indian Ocean,1550.175168
1971,58,Indian Ocean (Antarctic),104.0781349
1971,61,Northwest Pacific,44539.94901
1971,67,Northeast Pacific,7649.920966
1971,71,Western Central Pacific,20418.34008
1971,77,Eastern Central Pacific,747.8161108
1971,81,Southwest Pacific,316.280156
1971,87,Southeast Pacific,7172.570706
1972,18,Arctic Sea,0.022605122
1972,21,Northwest Atlantic,61174.53512
1972,27,Northeast Atlantic,11844.11499
1972,31,Western Central Atlantic,376.5443903
1972,34,Eastern Central Atlantic,844.0603095
1972,41,Southwest Atlantic,7934.78427
1972,47,Southeast Atlantic,64790.53007
1972,48,Atlantic (Antarctic),373.1730874
1972,51,Western Indian Ocean,25453.68617
1972,57,Eastern Indian Ocean,1740.190326
1972,58,Indian Ocean (Antarctic),1326.2915
1972,61,Northwest Pacific,47012.28939
1972,67,Northeast Pacific,7954.640334
1972,71,Western Central Pacific,20709.95756
1972,77,Eastern Central Pacific,395.5451092
1972,81,Southwest Pacific,1385.407846
1972,87,Southeast Pacific,9690.327368
1973,18,Arctic Sea,0.022605122
1973,21,Northwest Atlantic,52614.22754
1973,27,Northeast Atlantic,10129.99516
1973,31,Western Central Atlantic,549.6540935
1973,34,Eastern Central Atlantic,1094.359695
1973,41,Southwest Atlantic,9812.405612
1973,47,Southeast Atlantic,64958.44014
1973,48,Atlantic (Antarctic),1204.346809
1973,51,Western Indian Ocean,42457.01419
1973,57,Eastern Indian Ocean,1076.156565
1973,58,Indian Ocean (Antarctic),527.9014675
1973,61,Northwest Pacific,48593.56278
1973,67,Northeast Pacific,8186.363712
1973,71,Western Central Pacific,22439.03495
1973,77,Eastern Central Pacific,1089.491602
1973,81,Southwest Pacific,2472.349119
1973,87,Southeast Pacific,8621.23869
1974,18,Arctic Sea,0.022605122
1974,21,Northwest Atlantic,55235.31118
1974,27,Northeast Atlantic,30586.25608
1974,31,Western Central Atlantic,450.102576
1974,34,Eastern Central Atlantic,1391.349916
1974,41,Southwest Atlantic,10324.88647
1974,47,Southeast Atlantic,58941.62843
1974,48,Atlantic (Antarctic),197.86346
1974,51,Western Indian Ocean,29711.16655
1974,57,Eastern Indian Ocean,2085.385376
1974,58,Indian Ocean (Antarctic),359.7033995
1974,61,Northwest Pacific,49798.74617
1974,67,Northeast Pacific,8445.769658
1974,71,Western Central Pacific,21680.32829
1974,77,Eastern Central Pacific,4454.989949
1974,81,Southwest Pacific,2741.071703
1974,87,Southeast Pacific,5257.762176
1975,18,Arctic Sea,0.022605122
1975,21,Northwest Atlantic,48727.32831
1975,27,Northeast Atlantic,51775.16555
1975,31,Western Central Atlantic,657.5754665
1975,34,Eastern Central Atlantic,1663.758978
1975,41,Southwest Atlantic,8325.008134
1975,47,Southeast Atlantic,866.228703
1975,48,Atlantic (Antarctic),565.1234323
1975,51,Western Indian Ocean,33144.10815
1975,57,Eastern Indian Ocean,1926.921776
1975,58,Indian Ocean (Antarctic),204.3745926
1975,61,Northwest Pacific,68995.57064
1975,67,Northeast Pacific,7091.339809
1975,71,Western Central Pacific,20976.82736
1975,77,Eastern Central Pacific,1814.695474
1975,81,Southwest Pacific,2049.576481
1975,87,Southeast Pacific,4924.853119
1976,18,Arctic Sea,0.022605122
1976,21,Northwest Atlantic,46597.37268
1976,27,Northeast Atlantic,32859.93552
1976,31,Western Central Atlantic,572.3145824
1976,34,Eastern Central Atlantic,719.8932758
1976,41,Southwest Atlantic,11920.42718
1976,47,Southeast Atlantic,1116.86159
1976,48,Atlantic (Antarctic),324.7447656
1976,51,Western Indian Ocean,35458.26584
1976,57,Eastern Indian Ocean,3206.746048
1976,58,Indian Ocean (Antarctic),99.30807906
1976,61,Northwest Pacific,76320.39443
1976,67,Northeast Pacific,8042.524476
1976,71,Western Central Pacific,18282.61112
1976,77,Eastern Central Pacific,2028.439037
1976,81,Southwest Pacific,4721.537842
1976,87,Southeast Pacific,5459.045063
1977,18,Arctic Sea,0.022605122
1977,21,Northwest Atlantic,51797.97111
1977,27,Northeast Atlantic,18485.55496
1977,31,Western Central Atlantic,1065.114636
1977,34,Eastern Central Atlantic,4906.308691
1977,41,Southwest Atlantic,27071.21341
1977,47,Southeast Atlantic,2553.716554
1977,48,Atlantic (Antarctic),8631.739775
1977,51,Western Indian Ocean,52995.80389
1977,57,Eastern Indian Ocean,3550.563405
1977,58,Indian Ocean (Antarctic),681.642103
1977,61,Northwest Pacific,75297.15406
1977,67,Northeast Pacific,8367.594115
1977,71,Western Central Pacific,19286.3919
1977,77,Eastern Central Pacific,1208.250842
1977,81,Southwest Pacific,19560.64709
1977,87,Southeast Pacific,12499.15083
1978,18,Arctic Sea,0.022605122
1978,21,Northwest Atlantic,46843.29036
1978,27,Northeast Atlantic,19796.00043
1978,31,Western Central Atlantic,875.9223157
1978,34,Eastern Central Atlantic,2743.139651
1978,41,Southwest Atlantic,42873.604
1978,47,Southeast Atlantic,1940.385614
1978,48,Atlantic (Antarctic),161555.3413
1978,51,Western Indian Ocean,55637.68929
1978,57,Eastern Indian Ocean,4002.304196
1978,58,Indian Ocean (Antarctic),773.41427
1978,61,Northwest Pacific,47349.78932
1978,67,Northeast Pacific,6849.896534
1978,71,Western Central Pacific,20170.66016
1978,77,Eastern Central Pacific,3249.650489
1978,81,Southwest Pacific,49898.91137
1978,87,Southeast Pacific,38616.17848
1978,88,Pacific (Antarctic),0.45714286
1979,18,Arctic Sea,0.022605122
1979,21,Northwest Atlantic,52274.11264
1979,27,Northeast Atlantic,13564.38385
1979,31,Western Central Atlantic,1437.797976
1979,34,Eastern Central Atlantic,2701.665583
1979,41,Southwest Atlantic,47815.20197
1979,47,Southeast Atlantic,1853.504989
1979,48,Atlantic (Antarctic),68396.21839
1979,51,Western Indian Ocean,58882.7438
1979,57,Eastern Indian Ocean,4279.706229
1979,58,Indian Ocean (Antarctic),323.8703218
1979,61,Northwest Pacific,60642.58443
1979,67,Northeast Pacific,5515.775941
1979,71,Western Central Pacific,17998.12471
1979,77,Eastern Central Pacific,2835.918543
1979,81,Southwest Pacific,67008.27769
1979,87,Southeast Pacific,10012.81783
1979,88,Pacific (Antarctic),47.95298417
1980,18,Arctic Sea,0.022605122
1980,21,Northwest Atlantic,42680.18745
1980,27,Northeast Atlantic,26236.97383
1980,31,Western Central Atlantic,1829.681569
1980,34,Eastern Central Atlantic,11914.71561
1980,41,Southwest Atlantic,63178.06017
1980,47,Southeast Atlantic,1415.40345
1980,48,Atlantic (Antarctic),24387.3543
1980,51,Western Indian Ocean,53903.22412
1980,57,Eastern Indian Ocean,4230.765971
1980,58,Indian Ocean (Antarctic),1468.559317
1980,61,Northwest Pacific,54073.46042
1980,67,Northeast Pacific,6161.815227
1980,71,Western Central Pacific,18353.85115
1980,77,Eastern Central Pacific,3742.465853
1980,81,Southwest Pacific,78980.19835
1980,87,Southeast Pacific,5688.790526
1980,88,Pacific (Antarctic),0.956954953
1981,18,Arctic Sea,0.028307861
1981,21,Northwest Atlantic,41127.64977
1981,27,Northeast Atlantic,17461.02077
1981,31,Western Central Atlantic,2357.574508
1981,34,Eastern Central Atlantic,8251.32836
1981,41,Southwest Atlantic,74591.59261
1981,47,Southeast Atlantic,2285.376504
1981,48,Atlantic (Antarctic),28628.18531
1981,51,Western Indian Ocean,61681.52221
1981,57,Eastern Indian Ocean,4952.473501
1981,58,Indian Ocean (Antarctic),1145.3629
1981,61,Northwest Pacific,42380.94625
1981,67,Northeast Pacific,5036.23653
1981,71,Western Central Pacific,16254.59159
1981,77,Eastern Central Pacific,4810.394022
1981,81,Southwest Pacific,83552.20304
1981,87,Southeast Pacific,5227.749047
1981,88,Pacific (Antarctic),133.2798941
1982,18,Arctic Sea,0.022605122
1982,21,Northwest Atlantic,41175.87864
1982,27,Northeast Atlantic,32651.68273
1982,31,Western Central Atlantic,2995.520307
1982,34,Eastern Central Atlantic,5255.521439
1982,41,Southwest Atlantic,101116.0503
1982,47,Southeast Atlantic,1860.995485
1982,48,Atlantic (Antarctic),50654.54252
1982,51,Western Indian Ocean,71201.38249
1982,57,Eastern Indian Ocean,13569.47762
1982,58,Indian Ocean (Antarctic),32528.45412
1982,61,Northwest Pacific,46543.3468
1982,67,Northeast Pacific,3161.432878
1982,71,Western Central Pacific,17904.29645
1982,77,Eastern Central Pacific,3236.830644
1982,81,Southwest Pacific,81458.69682
1982,87,Southeast Pacific,4147.535894
1982,88,Pacific (Antarctic),1.63775E-05
1983,18,Arctic Sea,0.035842902
1983,21,Northwest Atlantic,39882.99157
1983,27,Northeast Atlantic,35158.52235
1983,31,Western Central Atlantic,3359.34095
1983,34,Eastern Central Atlantic,5774.583503
1983,41,Southwest Atlantic,146781.3055
1983,47,Southeast Atlantic,1488.918469
1983,48,Atlantic (Antarctic),144533.8155
1983,51,Western Indian Ocean,34778.61877
1983,57,Eastern Indian Ocean,19720.16457
1983,58,Indian Ocean (Antarctic),13501.51857
1983,61,Northwest Pacific,72443.82426
1983,67,Northeast Pacific,2393.005295
1983,71,Western Central Pacific,18878.57827
1983,77,Eastern Central Pacific,2559.847967
1983,81,Southwest Pacific,103634.2352
1983,87,Southeast Pacific,4356.541674
1983,88,Pacific (Antarctic),8.60495E-05
1984,18,Arctic Sea,0.028307861
1984,21,Northwest Atlantic,43267.62576
1984,27,Northeast Atlantic,35536.88255
1984,31,Western Central Atlantic,3878.089584
1984,34,Eastern Central Atlantic,5604.388443
1984,41,Southwest Atlantic,171651.2099
1984,47,Southeast Atlantic,1240.675293
1984,48,Atlantic (Antarctic),18783.35154
1984,51,Western Indian Ocean,32298.66697
1984,57,Eastern Indian Ocean,24856.11387
1984,58,Indian Ocean (Antarctic),3290.578076
1984,61,Northwest Pacific,69371.73467
1984,67,Northeast Pacific,2485.741706
1984,71,Western Central Pacific,26104.32295
1984,77,Eastern Central Pacific,3404.763195
1984,81,Southwest Pacific,87663.21674
1984,87,Southeast Pacific,5714.95478
1984,88,Pacific (Antarctic),0.45714286
1985,18,Arctic Sea,0.022605122
1985,21,Northwest Atlantic,64408.98046
1985,27,Northeast Atlantic,24565.61672
1985,31,Western Central Atlantic,3013.254809
1985,34,Eastern Central Atlantic,5426.701369
1985,41,Southwest Atlantic,286663.4864
1985,47,Southeast Atlantic,2929.200639
1985,48,Atlantic (Antarctic),2843.946441
1985,51,Western Indian Ocean,41687.66717
1985,57,Eastern Indian Ocean,34712.98704
1985,58,Indian Ocean (Antarctic),25842.13648
1985,61,Northwest Pacific,76409.40833
1985,67,Northeast Pacific,3225.724361
1985,71,Western Central Pacific,29358.28136
1985,77,Eastern Central Pacific,4440.756927
1985,81,Southwest Pacific,81188.7253
1985,87,Southeast Pacific,5766.831082
1985,88,Pacific (Antarctic),0.000117036
1986,18,Arctic Sea,0.028307861
1986,21,Northwest Atlantic,82957.97424
1986,27,Northeast Atlantic,39536.96346
1986,31,Western Central Atlantic,2759.40348
1986,34,Eastern Central Atlantic,5419.028588
1986,41,Southwest Atlantic,307942.0682
1986,47,Southeast Atlantic,290.9388867
1986,48,Atlantic (Antarctic),21885.26014
1986,51,Western Indian Ocean,29891.30839
1986,57,Eastern Indian Ocean,45330.01254
1986,58,Indian Ocean (Antarctic),4637.030132
1986,61,Northwest Pacific,103997.5186
1986,67,Northeast Pacific,4953.812818
1986,71,Western Central Pacific,37656.14238
1986,77,Eastern Central Pacific,4137.550137
1986,81,Southwest Pacific,118560.8139
1986,87,Southeast Pacific,7277.732796
1987,18,Arctic Sea,0.015070082
1987,21,Northwest Atlantic,106711.3197
1987,27,Northeast Atlantic,24732.23618
1987,31,Western Central Atlantic,2996.006552
1987,34,Eastern Central Atlantic,7536.616495
1987,41,Southwest Atlantic,330139.8424
1987,47,Southeast Atlantic,306.6330955
1987,48,Atlantic (Antarctic),47373.85328
1987,51,Western Indian Ocean,30011.38242
1987,57,Eastern Indian Ocean,39470.78184
1987,58,Indian Ocean (Antarctic),1220.928086
1987,61,Northwest Pacific,120911.8029
1987,67,Northeast Pacific,6387.990651
1987,71,Western Central Pacific,34217.83258
1987,77,Eastern Central Pacific,17967.15838
1987,81,Southwest Pacific,153455.5143
1987,87,Southeast Pacific,5802.091564
1987,88,Pacific (Antarctic),1.2604E-05
1988,18,Arctic Sea,0.028307861
1988,21,Northwest Atlantic,81846.42353
1988,27,Northeast Atlantic,26435.34659
1988,31,Western Central Atlantic,3629.09686
1988,34,Eastern Central Atlantic,3291.357546
1988,41,Southwest Atlantic,301874.15
1988,47,Southeast Atlantic,11846.26198
1988,48,Atlantic (Antarctic),23313.91174
1988,51,Western Indian Ocean,30876.56569
1988,57,Eastern Indian Ocean,45943.43845
1988,58,Indian Ocean (Antarctic),1942.565629
1988,61,Northwest Pacific,128264.0068
1988,67,Northeast Pacific,8833.571262
1988,71,Western Central Pacific,37772.76631
1988,77,Eastern Central Pacific,28991.72017
1988,81,Southwest Pacific,179487.4308
1988,87,Southeast Pacific,11425.43137
1989,18,Arctic Sea,0.032259627
1989,21,Northwest Atlantic,79301.61144
1989,27,Northeast Atlantic,25342.05415
1989,31,Western Central Atlantic,4391.862945
1989,34,Eastern Central Atlantic,4375.292043
1989,41,Southwest Atlantic,358137.0007
1989,47,Southeast Atlantic,13419.56442
1989,48,Atlantic (Antarctic),1551.415933
1989,51,Western Indian Ocean,29175.36355
1989,57,Eastern Indian Ocean,58293.56818
1989,58,Indian Ocean (Antarctic),197.2133512
1989,61,Northwest Pacific,85287.66424
1989,67,Northeast Pacific,10414.57724
1989,71,Western Central Pacific,37959.67272
1989,77,Eastern Central Pacific,40688.66099
1989,81,Southwest Pacific,163712.4768
1989,87,Southeast Pacific,15815.74671
1990,18,Arctic Sea,0.024724586
1990,21,Northwest Atlantic,77657.83816
1990,27,Northeast Atlantic,22846.66543
1990,31,Western Central Atlantic,4311.222353
1990,34,Eastern Central Atlantic,3386.81131
1990,41,Southwest Atlantic,392894.0443
1990,47,Southeast Atlantic,6858.930771
1990,48,Atlantic (Antarctic),6576.203491
1990,51,Western Indian Ocean,40486.6401
1990,57,Eastern Indian Ocean,55066.62677
1990,58,Indian Ocean (Antarctic),3520.998558
1990,61,Northwest Pacific,81448.18895
1990,67,Northeast Pacific,9704.742804
1990,71,Western Central Pacific,40133.93881
1990,77,Eastern Central Pacific,44103.91765
1990,81,Southwest Pacific,184311.8857
1990,87,Southeast Pacific,11230.9455
1991,18,Arctic Sea,0.024724586
1991,21,Northwest Atlantic,79609.12285
1991,27,Northeast Atlantic,26194.93808
1991,31,Western Central Atlantic,4822.909054
1991,34,Eastern Central Atlantic,1900.005193
1991,41,Southwest Atlantic,469292.2623
1991,47,Southeast Atlantic,3352.624339
1991,48,Atlantic (Antarctic),26.7849269
1991,51,Western Indian Ocean,45578.27703
1991,57,Eastern Indian Ocean,47213.13047
1991,58,Indian Ocean (Antarctic),0.339741928
1991,61,Northwest Pacific,91155.76081
1991,67,Northeast Pacific,8103.647319
1991,71,Western Central Pacific,46243.93237
1991,77,Eastern Central Pacific,33213.37432
1991,81,Southwest Pacific,186665.647
1991,87,Southeast Pacific,15695.09869
1992,18,Arctic Sea,0.037962366
1992,21,Northwest Atlantic,43087.0614
1992,27,Northeast Atlantic,21889.85351
1992,31,Western Central Atlantic,15104.23292
1992,34,Eastern Central Atlantic,2399.050122
1992,41,Southwest Atlantic,458051.2369
1992,47,Southeast Atlantic,4474.738676
1992,48,Atlantic (Antarctic),0.297489551
1992,51,Western Indian Ocean,40748.74491
1992,57,Eastern Indian Ocean,64122.76735
1992,58,Indian Ocean (Antarctic),1.441369773
1992,61,Northwest Pacific,93801.8813
1992,67,Northeast Pacific,9036.776719
1992,71,Western Central Pacific,39486.57096
1992,77,Eastern Central Pacific,13820.37692
1992,81,Southwest Pacific,177788.5786
1992,87,Southeast Pacific,10936.47053
1993,18,Arctic Sea,0.037962366
1993,21,Northwest Atlantic,61574.71548
1993,27,Northeast Atlantic,22998.22637
1993,31,Western Central Atlantic,12172.13804
1993,34,Eastern Central Atlantic,2025.38616
1993,41,Southwest Atlantic,327196.7384
1993,47,Southeast Atlantic,2887.256382
1993,48,Atlantic (Antarctic),5.075071705
1993,51,Western Indian Ocean,41480.02637
1993,57,Eastern Indian Ocean,49086.14143
1993,58,Indian Ocean (Antarctic),1.501435677
1993,61,Northwest Pacific,99953.86555
1993,67,Northeast Pacific,5140.191966
1993,71,Western Central Pacific,39431.2117
1993,77,Eastern Central Pacific,10450.04132
1993,81,Southwest Pacific,143124.6769
1993,87,Southeast Pacific,13151.86398
1994,18,Arctic Sea,0.032259627
1994,21,Northwest Atlantic,120464.4006
1994,27,Northeast Atlantic,26572.36097
1994,31,Western Central Atlantic,5510.273371
1994,34,Eastern Central Atlantic,1043.327527
1994,41,Southwest Atlantic,298411.7659
1994,47,Southeast Atlantic,2477.057477
1994,48,Atlantic (Antarctic),33.8974255
1994,51,Western Indian Ocean,43528.85545
1994,57,Eastern Indian Ocean,42429.11799
1994,58,Indian Ocean (Antarctic),3.495332013
1994,61,Northwest Pacific,109730.8413
1994,67,Northeast Pacific,4700.645481
1994,71,Western Central Pacific,49520.82946
1994,77,Eastern Central Pacific,6392.392078
1994,81,Southwest Pacific,148002.1558
1994,87,Southeast Pacific,11058.68167
1995,18,Arctic Sea,0.032259627
1995,21,Northwest Atlantic,124257.2648
1995,27,Northeast Atlantic,30212.20789
1995,31,Western Central Atlantic,6264.490279
1995,34,Eastern Central Atlantic,1503.162693
1995,41,Southwest Atlantic,208004.8891
1995,47,Southeast Atlantic,2153.816589
1995,48,Atlantic (Antarctic),169.4260486
1995,51,Western Indian Ocean,42391.93724
1995,57,Eastern Indian Ocean,43144.80199
1995,58,Indian Ocean (Antarctic),5.007822062
1995,61,Northwest Pacific,102724.7074
1995,67,Northeast Pacific,5003.636084
1995,71,Western Central Pacific,51309.51466
1995,77,Eastern Central Pacific,6102.591772
1995,81,Southwest Pacific,109339.1799
1995,87,Southeast Pacific,11859.7279
1996,18,Arctic Sea,0.032259627
1996,21,Northwest Atlantic,131130.2754
1996,27,Northeast Atlantic,15402.7908
1996,31,Western Central Atlantic,5848.872816
1996,34,Eastern Central Atlantic,3038.7553
1996,41,Southwest Atlantic,243438.897
1996,47,Southeast Atlantic,2762.580307
1996,48,Atlantic (Antarctic),137.2440557
1996,51,Western Indian Ocean,44513.34915
1996,57,Eastern Indian Ocean,44950.53044
1996,58,Indian Ocean (Antarctic),0.490842352
1996,61,Northwest Pacific,67087.17569
1996,67,Northeast Pacific,5522.236414
1996,71,Western Central Pacific,53195.58541
1996,77,Eastern Central Pacific,17175.95351
1996,81,Southwest Pacific,93457.9799
1996,87,Southeast Pacific,13577.4639
1997,18,Arctic Sea,0.032259627
1997,21,Northwest Atlantic,112580.7925
1997,27,Northeast Atlantic,31553.11943
1997,31,Western Central Atlantic,6652.881214
1997,34,Eastern Central Atlantic,5717.205618
1997,41,Southwest Atlantic,458662.3736
1997,47,Southeast Atlantic,3097.416085
1997,48,Atlantic (Antarctic),173.727266
1997,51,Western Indian Ocean,50373.378
1997,57,Eastern Indian Ocean,50335.15772
1997,58,Indian Ocean (Antarctic),8.063634776
1997,61,Northwest Pacific,125173.8597
1997,67,Northeast Pacific,4709.209593
1997,71,Western Central Pacific,55183.72344
1997,77,Eastern Central Pacific,5853.333652
1997,81,Southwest Pacific,106442.5016
1997,87,Southeast Pacific,10940.60017
1998,18,Arctic Sea,0.037962366
1998,21,Northwest Atlantic,115816.7774
1998,27,Northeast Atlantic,32562.17234
1998,31,Western Central Atlantic,7417.237853
1998,34,Eastern Central Atlantic,4417.60659
1998,41,Southwest Atlantic,322733.718
1998,47,Southeast Atlantic,4408.731992
1998,48,Atlantic (Antarctic),18.06007644
1998,51,Western Indian Ocean,50329.81206
1998,57,Eastern Indian Ocean,39252.39999
1998,58,Indian Ocean (Antarctic),10.26206979
1998,61,Northwest Pacific,119278.3993
1998,67,Northeast Pacific,1392.099055
1998,71,Western Central Pacific,51380.03483
1998,77,Eastern Central Pacific,5310.35873
1998,81,Southwest Pacific,134996.1839
1998,87,Southeast Pacific,10659.43985
1998,88,Pacific (Antarctic),8.266391153
1999,18,Arctic Sea,0.032259627
1999,21,Northwest Atlantic,132752.1069
1999,27,Northeast Atlantic,33781.39225
1999,31,Western Central Atlantic,7899.710666
1999,34,Eastern Central Atlantic,4680.593276
1999,41,Southwest Atlantic,798060.381
1999,47,Southeast Atlantic,2607.672125
1999,48,Atlantic (Antarctic),455.0988823
1999,51,Western Indian Ocean,55532.62575
1999,57,Eastern Indian Ocean,57112.17117
1999,58,Indian Ocean (Antarctic),21.03962318
1999,61,Northwest Pacific,124195.8025
1999,67,Northeast Pacific,1623.823158
1999,71,Western Central Pacific,75061.5053
1999,77,Eastern Central Pacific,11675.39489
1999,81,Southwest Pacific,122266.2791
1999,87,Southeast Pacific,16847.47616
1999,88,Pacific (Antarctic),22.36510979
2000,18,Arctic Sea,0.032259627
2000,21,Northwest Atlantic,147113.1375
2000,27,Northeast Atlantic,44657.22083
2000,31,Western Central Atlantic,8783.939505
2000,34,Eastern Central Atlantic,4374.497658
2000,41,Southwest Atlantic,620517.6695
2000,47,Southeast Atlantic,4049.940488
2000,48,Atlantic (Antarctic),429.5761085
2000,51,Western Indian Ocean,52204.14542
2000,57,Eastern Indian Ocean,67016.84763
2000,58,Indian Ocean (Antarctic),36.36190099
2000,61,Northwest Pacific,121708.8794
2000,67,Northeast Pacific,1484.254263
2000,71,Western Central Pacific,73276.74664
2000,77,Eastern Central Pacific,9423.1293
2000,81,Southwest Pacific,103752.8188
2000,87,Southeast Pacific,24265.3053
2000,88,Pacific (Antarctic),45.30247708
2001,18,Arctic Sea,0.032259627
2001,21,Northwest Atlantic,158309.0892
2001,27,Northeast Atlantic,54391.33836
2001,31,Western Central Atlantic,5354.638006
2001,34,Eastern Central Atlantic,6603.530484
2001,41,Southwest Atlantic,599908.4077
2001,47,Southeast Atlantic,5833.104673
2001,48,Atlantic (Antarctic),347.8096063
2001,51,Western Indian Ocean,56493.0826
2001,57,Eastern Indian Ocean,55474.69421
2001,58,Indian Ocean (Antarctic),61.31807653
2001,61,Northwest Pacific,119651.9637
2001,67,Northeast Pacific,1972.779323
2001,71,Western Central Pacific,77290.12039
2001,77,Eastern Central Pacific,10200.71506
2001,81,Southwest Pacific,89277.46922
2001,87,Southeast Pacific,17719.18259
2001,88,Pacific (Antarctic),24.28191302
2002,18,Arctic Sea,0.032259627
2002,21,Northwest Atlantic,125086.8319
2002,27,Northeast Atlantic,27093.77099
2002,31,Western Central Atlantic,5113.539706
2002,34,Eastern Central Atlantic,21079.81335
2002,41,Southwest Atlantic,444160.409
2002,47,Southeast Atlantic,5229.606074
2002,48,Atlantic (Antarctic),692.0682003
2002,51,Western Indian Ocean,51630.38404
2002,57,Eastern Indian Ocean,58225.23207
2002,58,Indian Ocean (Antarctic),123.3106661
2002,61,Northwest Pacific,88244.32888
2002,67,Northeast Pacific,2740.877168
2002,71,Western Central Pacific,84811.14171
2002,77,Eastern Central Pacific,5967.006282
2002,81,Southwest Pacific,96461.92721
2002,87,Southeast Pacific,18350.18082
2002,88,Pacific (Antarctic),63.31716832
2003,18,Arctic Sea,0.032259627
2003,21,Northwest Atlantic,178609.0602
2003,27,Northeast Atlantic,42355.27471
2003,31,Western Central Atlantic,6754.275695
2003,34,Eastern Central Atlantic,4554.694024
2003,41,Southwest Atlantic,434665.4146
2003,47,Southeast Atlantic,5546.870553
2003,48,Atlantic (Antarctic),1340.749837
2003,51,Western Indian Ocean,50360.64679
2003,57,Eastern Indian Ocean,59041.64407
2003,58,Indian Ocean (Antarctic),156.4218715
2003,61,Northwest Pacific,63155.91107
2003,67,Northeast Pacific,4073.09856
2003,71,Western Central Pacific,85992.93348
2003,77,Eastern Central Pacific,5329.328791
2003,81,Southwest Pacific,98657.26949
2003,87,Southeast Pacific,20221.16982
2003,88,Pacific (Antarctic),40.47298987
2004,18,Arctic Sea,0.032259627
2004,21,Northwest Atlantic,160946.8962
2004,27,Northeast Atlantic,20736.06299
2004,31,Western Central Atlantic,6764.073876
2004,34,Eastern Central Atlantic,4850.912914
2004,41,Southwest Atlantic,190533.632
2004,47,Southeast Atlantic,5920.950479
2004,48,Atlantic (Antarctic),2103.525051
2004,51,Western Indian Ocean,42613.65623
2004,57,Eastern Indian Ocean,58918.92768
2004,58,Indian Ocean (Antarctic),93.01051039
2004,61,Northwest Pacific,67509.99343
2004,67,Northeast Pacific,3939.230878
2004,71,Western Central Pacific,90909.50238
2004,77,Eastern Central Pacific,6488.274615
2004,81,Southwest Pacific,71317.15787
2004,87,Southeast Pacific,11498.87327
2004,88,Pacific (Antarctic),165.9753689
2005,18,Arctic Sea,0.032259627
2005,21,Northwest Atlantic,125745.3049
2005,27,Northeast Atlantic,18959.61583
2005,31,Western Central Atlantic,6979.836245
2005,34,Eastern Central Atlantic,3763.330526
2005,41,Southwest Atlantic,228203.4331
2005,47,Southeast Atlantic,3983.323671
2005,48,Atlantic (Antarctic),146.7671248
2005,51,Western Indian Ocean,37293.67602
2005,57,Eastern Indian Ocean,46686.76706
2005,58,Indian Ocean (Antarctic),159.6054627
2005,61,Northwest Pacific,68086.37499
2005,67,Northeast Pacific,3202.650875
2005,71,Western Central Pacific,75830.6591
2005,77,Eastern Central Pacific,4720.086112
2005,81,Southwest Pacific,49466.98122
2005,87,Southeast Pacific,9596.239233
2005,88,Pacific (Antarctic),171.2389247
2006,18,Arctic Sea,0.032259627
2006,21,Northwest Atlantic,110856.1782
2006,27,Northeast Atlantic,12204.98435
2006,31,Western Central Atlantic,6909.377864
2006,34,Eastern Central Atlantic,3093.97974
2006,41,Southwest Atlantic,513471.0915
2006,47,Southeast Atlantic,4806.375889
2006,48,Atlantic (Antarctic),1922.604742
2006,51,Western Indian Ocean,35935.08565
2006,57,Eastern Indian Ocean,51842.55987
2006,58,Indian Ocean (Antarctic),115.2107516
2006,61,Northwest Pacific,66419.58655
2006,67,Northeast Pacific,2639.560939
2006,71,Western Central Pacific,83986.60754
2006,77,Eastern Central Pacific,4761.918365
2006,81,Southwest Pacific,65057.51833
2006,87,Southeast Pacific,11148.46664
2006,88,Pacific (Antarctic),72.12154467
2007,21,Northwest Atlantic,104939.1808
2007,27,Northeast Atlantic,10318.91797
2007,31,Western Central Atlantic,5601.083842
2007,34,Eastern Central Atlantic,3192.470394
2007,41,Southwest Atlantic,625989.945
2007,47,Southeast Atlantic,4419.574072
2007,48,Atlantic (Antarctic),1906.305391
2007,51,Western Indian Ocean,28978.1873
2007,57,Eastern Indian Ocean,53047.99645
2007,58,Indian Ocean (Antarctic),94.64410737
2007,61,Northwest Pacific,77746.05482
2007,67,Northeast Pacific,2167.256576
2007,71,Western Central Pacific,69604.5001
2007,77,Eastern Central Pacific,3845.734802
2007,81,Southwest Pacific,69282.47352
2007,87,Southeast Pacific,10880.50257
2007,88,Pacific (Antarctic),90.09439323
2008,21,Northwest Atlantic,103631.4366
2008,27,Northeast Atlantic,8147.056982
2008,31,Western Central Atlantic,5085.201253
2008,34,Eastern Central Atlantic,3469.671145
2008,41,Southwest Atlantic,576891.0149
2008,47,Southeast Atlantic,3790.476501
2008,48,Atlantic (Antarctic),2777.041633
2008,51,Western Indian Ocean,26938.83684
2008,57,Eastern Indian Ocean,54659.85592
2008,58,Indian Ocean (Antarctic),95.07489727
2008,61,Northwest Pacific,80097.77025
2008,67,Northeast Pacific,2368.287538
2008,71,Western Central Pacific,69290.23747
2008,77,Eastern Central Pacific,3906.716347
2008,81,Southwest Pacific,64183.41775
2008,87,Southeast Pacific,10123.99979
2008,88,Pacific (Antarctic),68.16780596
2009,21,Northwest Atlantic,101620.1131
2009,27,Northeast Atlantic,4825.353995
2009,31,Western Central Atlantic,5440.60812
2009,34,Eastern Central Atlantic,3772.018016
2009,41,Southwest Atlantic,318532.3007
2009,47,Southeast Atlantic,3879.830021
2009,48,Atlantic (Antarctic),2238.251088
2009,51,Western Indian Ocean,26350.01909
2009,57,Eastern Indian Ocean,59812.82504
2009,58,Indian Ocean (Antarctic),80.74767501
2009,61,Northwest Pacific,82394.06589
2009,67,Northeast Pacific,2129.764856
2009,71,Western Central Pacific,72031.72746
2009,77,Eastern Central Pacific,4359.330865
2009,81,Southwest Pacific,63252.14909
2009,87,Southeast Pacific,8818.825363
2009,88,Pacific (Antarctic),77.33403606
2010,18,Arctic Sea,8.82452E-06
2010,21,Northwest Atlantic,103407.2209
2010,27,Northeast Atlantic,4496.129242
2010,31,Western Central Atlantic,5711.278943
2010,34,Eastern Central Atlantic,3998.545789
2010,41,Southwest Atlantic,279223.25
2010,47,Southeast Atlantic,3911.731991
2010,48,Atlantic (Antarctic),3689.497071
2010,51,Western Indian Ocean,27031.3352
2010,57,Eastern Indian Ocean,62704.67231
2010,58,Indian Ocean (Antarctic),67.49829626
2010,61,Northwest Pacific,83010.62646
2010,67,Northeast Pacific,2356.849817
2010,71,Western Central Pacific,72045.16263
2010,77,Eastern Central Pacific,4443.009004
2010,81,Southwest Pacific,64358.59344
2010,87,Southeast Pacific,6566.635661
2010,88,Pacific (Antarctic),81.70005619
2011,21,Northwest Atlantic,97649.52428
2011,27,Northeast Atlantic,1933.355278
2011,31,Western Central Atlantic,5816.110048
2011,34,Eastern Central Atlantic,4256.863851
2011,41,Southwest Atlantic,280268.7456
2011,47,Southeast Atlantic,4287.249092
2011,48,Atlantic (Antarctic),3144.679507
2011,51,Western Indian Ocean,24955.67324
2011,57,Eastern Indian Ocean,63980.08248
2011,58,Indian Ocean (Antarctic),50.41146693
2011,61,Northwest Pacific,85070.99995
2011,67,Northeast Pacific,2442.664001
2011,71,Western Central Pacific,66483.19388
2011,77,Eastern Central Pacific,4032.372867
2011,81,Southwest Pacific,62072.58088
2011,87,Southeast Pacific,7136.265739
2011,88,Pacific (Antarctic),62.52333795
